week,category,weekly_rank,show_title,season_title,weekly_hours_viewed,runtime,weekly_views,cumulative_weeks_in_top_10
2026-09-27,Films (English),1,UNABOMBER,,27400000,1.6667,16400000,1
2026-09-27,Films (English),2,Best of the Best,,13600000,1.8667,7300000,2
2026-09-27,Films (English),3,A Minecraft Movie,,11800000,1.6833,7000000,2
2026-09-27,Films (English),4,Riot,,6400000,1.45,4400000,2
2026-09-27,Films (English),5,The Whisper Man,,7600000,1.9,4000000,5
2026-09-27,Films (English),6,Black Adam,,7200000,2.0833,3500000,2
2026-09-27,Films (English),7,The Ministry of Ungentlemanly Warfare,,6700000,2,3400000,2
2026-09-27,Films (English),8,Why Did I Get Married Again?,,5800000,1.85,3100000,3
2026-09-27,Films (English),9,KPop Demon Hunters,,4200000,1.6667,2500000,66
2026-09-27,Films (English),10,Top Gun: Maverick,,5400000,2.1667,2500000,3
2026-09-27,TV (English),1,Monster: The Lizzie Borden Story,Monster: The Lizzie Borden Story: Season 1,95900000,6.6333,14500000,2
2026-09-27,TV (English),2,Wonka's The Golden Ticket,Wonka's The Golden Ticket: Season 1,28300000,6.1167,4600000,1
2026-09-27,TV (English),3,Crew Girl,Crew Girl: Season 1,28100000,6.2,4500000,3
2026-09-27,TV (English),4,A Different World,A Different World: Season 1,23000000,5.45,4200000,1
2026-09-27,TV (English),5,The Gentlemen,The Gentlemen: Season 2,31000000,7.4333,4200000,4
2026-09-27,TV (English),6,Gabby's Dollhouse,Gabby's Dollhouse: Season 14,4400000,1.6167,2700000,2
2026-09-27,TV (English),7,Raw,"Raw: September 21, 2026",4800000,1.8,2500000,1
2026-09-27,TV (English),8,The Gentlemen,The Gentlemen: Season 1,16000000,6.6833,2400000,14
2026-09-27,TV (English),9,The Great British Baking Show,The Great British Baking Show: Collection 14,2000000,1.15,1700000,1
2026-09-27,TV (English),10,Danny Go!,Danny Go!: Season 2,2600000,1.5333,1700000,4
